PID,Stage,Question,machine_domain_l1,machine_query_type_l2,machine_intent,machine_temporal,machine_spatial,machine_complexity,domain_l1,query_type_l2,intent,temporal,spatial,complexity,coder_notes
P72,4,How do you support green spaces or plants in the building?,SUSTAINABILITY,CAPABILITY,INFORMATIONAL,STATIC,BUILDING,LOOKUP,,,,,,,
P85,2,dust levels high,AIR_QUALITY,STATUS,INFORMATIONAL,STATIC,UNSPECIFIED,LOOKUP,,,,,,,
P46,2,great,OTHER,STATUS,INFORMATIONAL,STATIC,UNSPECIFIED,LOOKUP,,,,,,,
P53,4,"How much energy does the smart building system use from AI, and is it increasing demand and price in the area?",ENERGY,STATUS,INFORMATIONAL,STATIC,UNSPECIFIED,AGGREGATION,,,,,,,
P68,1,What is the temperature in the building,THERMAL,STATUS,INFORMATIONAL,STATIC,BUILDING,LOOKUP,,,,,,,
P86,1,Which is most cool substance on our earth?,THERMAL,COMPARISON,INFORMATIONAL,STATIC,UNSPECIFIED,AGGREGATION,,,,,,,
P72,1,Do you ever get tired?,OTHER,STATUS,INFORMATIONAL,STATIC,UNSPECIFIED,LOOKUP,,,,,,,
P51,3,"We live in your building, and our room is near the EV charging area. How are you monitoring the air quality to ensure we won't get poisoned by toxic off gassing from the batteries?",AIR_QUALITY,STATUS,INFORMATIONAL,REALTIME,ROOM,LOOKUP,,,,,,,
P85,2,noise event,WELLBEING,STATUS,INFORMATIONAL,STATIC,UNSPECIFIED,LOOKUP,,,,,,,
P79,2,What about employees with an open door policy who like to keep their doors open?,SECURITY,STATUS,INFORMATIONAL,STATIC,UNSPECIFIED,LOOKUP,,,,,,,
P54,4,could the building proactively notice when harmful materials may be used and offer a safer option that is already available?,OTHER,CAPABILITY,INFORMATIONAL,STATIC,BUILDING,LOOKUP,,,,,,,
P67,1,how often do you check for safety issues ?,SAFETY,STATUS,INFORMATIONAL,STATIC,UNSPECIFIED,LOOKUP,,,,,,,
P74,2,Is there motion detected?,OTHER,CAPABILITY,INFORMATIONAL,STATIC,UNSPECIFIED,LOOKUP,,,,,,,
P93,1,how to stop a child crying,OTHER,STATUS,INFORMATIONAL,STATIC,UNSPECIFIED,LOOKUP,,,,,,,
P23,4,when is the most efficient time for me to run my dishwasher?,OTHER,COMPARISON,INFORMATIONAL,STATIC,UNSPECIFIED,AGGREGATION,,,,,,,
P29,3,When i think about many peole i think about breath and dust. How to the filters manage this?,AIR_QUALITY,STATUS,INFORMATIONAL,STATIC,UNSPECIFIED,LOOKUP,,,,,,,
P79,2,How would the air quality number get high if you are presumably filtering the air before it comes in?,AIR_QUALITY,STATUS,INFORMATIONAL,STATIC,UNSPECIFIED,LOOKUP,,,,,,,
P24,1,"Is there a way to bypass a system, such as a smart system lock, after hours, when it  might be difficult to get the help of IT?",SECURITY,CAPABILITY,INFORMATIONAL,STATIC,UNSPECIFIED,LOOKUP,,,,,,,
P87,4,Can the blue light filter be adjusted for daytime and nighttime hours?,LIGHTING,CAPABILITY,INFORMATIONAL,STATIC,UNSPECIFIED,LOOKUP,,,,,,,
P73,3,wayfinding available?,OTHER,STATUS,INFORMATIONAL,STATIC,UNSPECIFIED,LOOKUP,,,,,,,
P88,3,can I customize lighting preferences for my workspace?,LIGHTING,CAPABILITY,INFORMATIONAL,STATIC,UNSPECIFIED,LOOKUP,,,,,,,
P03,1,1,OTHER,STATUS,INFORMATIONAL,STATIC,UNSPECIFIED,LOOKUP,,,,,,,
P96,3,how does the building use  internal  environment?,SUSTAINABILITY,STATUS,INFORMATIONAL,STATIC,BUILDING,LOOKUP,,,,,,,
P92,2,Is voltage stable?,ENERGY,STATUS,INFORMATIONAL,STATIC,UNSPECIFIED,LOOKUP,,,,,,,
P65,1,WHAT FISHERMAN DO INOUR SOCIETY ?,OTHER,STATUS,INFORMATIONAL,STATIC,UNSPECIFIED,LOOKUP,,,,,,,
P84,2,HOW IS THIS DIFFERENT FROM WHAT PEOPLE USED BEFOR?,OTHER,STATUS,INFORMATIONAL,STATIC,UNSPECIFIED,LOOKUP,,,,,,,
P60,4,How is humidity managed to prevent dry air?,AIR_QUALITY,STATUS,INFORMATIONAL,STATIC,UNSPECIFIED,LOOKUP,,,,,,,
P91,1,how does the building acpert,OTHER,STATUS,INFORMATIONAL,STATIC,BUILDING,LOOKUP,,,,,,,
P54,3,Is the HVAC equipment on the roof properly shaded to improve their efficiency in summer? does their shading negatively impact the solar panels?,ENERGY,STATUS,INFORMATIONAL,STATIC,UNSPECIFIED,LOOKUP,,,,,,,
P57,2,How does the system determine what the ideal temp is when people have different preferences?,THERMAL,CAPABILITY,INFORMATIONAL,STATIC,UNSPECIFIED,LOOKUP,,,,,,,
P64,2,Is the door open or closed?,SECURITY,STATUS,INFORMATIONAL,STATIC,UNSPECIFIED,LOOKUP,,,,,,,
P61,4,How much water is being used daily?,WATER,STATUS,INFORMATIONAL,STATIC,UNSPECIFIED,AGGREGATION,,,,,,,
P96,2,How many  Temperature sensors in this buildings?,THERMAL,STATUS,INFORMATIONAL,STATIC,UNSPECIFIED,AGGREGATION,,,,,,,
P28,2,Are the smart plugs moveable or are they located on fixed power outlets?,ENERGY,STATUS,INFORMATIONAL,STATIC,UNSPECIFIED,LOOKUP,,,,,,,
P86,2,How much current required to run a motor/,ENERGY,STATUS,INFORMATIONAL,REALTIME,UNSPECIFIED,AGGREGATION,,,,,,,
P76,1,How do Occupants communicate with the Smart Functions of this Building?,OCCUPANCY,STATUS,INFORMATIONAL,STATIC,BUILDING,LOOKUP,,,,,,,
P26,3,"How does the look of the lobby reflect inclusivity, being welcome to all cultures, for instance at holidays?",WAYFINDING,STATUS,INFORMATIONAL,STATIC,ROOM,LOOKUP,,,,,,,
P71,4,how much energy is used by lighting in each zon?,ENERGY,STATUS,INFORMATIONAL,STATIC,UNSPECIFIED,AGGREGATION,,,,,,,
P64,4,Are there any safety concerns detected?,SAFETY,CAPABILITY,INFORMATIONAL,STATIC,UNSPECIFIED,LOOKUP,,,,,,,
P67,1,how often do you check for safety issues ?,SAFETY,STATUS,INFORMATIONAL,STATIC,UNSPECIFIED,LOOKUP,,,,,,,
P79,3,What is the procedure for food deliveries?,OTHER,STATUS,INFORMATIONAL,STATIC,UNSPECIFIED,LOOKUP,,,,,,,
P64,2,I,OTHER,STATUS,INFORMATIONAL,STATIC,UNSPECIFIED,LOOKUP,,,,,,,
P62,1,WHICH ZONES ARE CURRENTLY BEING COOLED OR HEATED DESPITE HAVING ZERO OCCUPANCY?,ENERGY,STATUS,INFORMATIONAL,REALTIME,UNSPECIFIED,LOOKUP,,,,,,,
P80,2,Can the information on the amount of energy usage be inputted with information on energy prices to get an idea of how much each device costs in energy?,ENERGY,CAPABILITY,INFORMATIONAL,STATIC,UNSPECIFIED,AGGREGATION,,,,,,,
P97,2,What is the temperature right now?,THERMAL,STATUS,INFORMATIONAL,REALTIME,UNSPECIFIED,LOOKUP,,,,,,,
P45,1,Is there cafeter crowded at the moment?,OCCUPANCY,CAPABILITY,INFORMATIONAL,REALTIME,UNSPECIFIED,LOOKUP,,,,,,,
P87,3,Are there any areas of this room hotter than others?,THERMAL,CAPABILITY,INFORMATIONAL,STATIC,ROOM,LOOKUP,,,,,,,
P92,2,What is the humidity level?,AIR_QUALITY,STATUS,INFORMATIONAL,STATIC,UNSPECIFIED,LOOKUP,,,,,,,
P23,4,how often are the filters cleaned and maintained?,OTHER,STATUS,INFORMATIONAL,STATIC,UNSPECIFIED,LOOKUP,,,,,,,
P81,1,water safe?,SAFETY,STATUS,INFORMATIONAL,STATIC,UNSPECIFIED,LOOKUP,,,,,,,
P88,1,How is the air quality right now,AIR_QUALITY,STATUS,INFORMATIONAL,REALTIME,UNSPECIFIED,LOOKUP,,,,,,,
P91,3,light optimal here,LIGHTING,STATUS,INFORMATIONAL,STATIC,UNSPECIFIED,LOOKUP,,,,,,,
P52,4,can you reduce waste in the building?,WASTE,CAPABILITY,INFORMATIONAL,STATIC,BUILDING,LOOKUP,,,,,,,
P34,2,What is your ambient light amount?,LIGHTING,STATUS,INFORMATIONAL,STATIC,UNSPECIFIED,LOOKUP,,,,,,,
P74,2,Is HVAC running?,THERMAL,STATUS,INFORMATIONAL,STATIC,UNSPECIFIED,LOOKUP,,,,,,,
P43,3,Are there currently active motion detectors in the secure bicycle storage area for additional protection?,SECURITY,CAPABILITY,INFORMATIONAL,REALTIME,UNSPECIFIED,LOOKUP,,,,,,,
P83,1,147,OTHER,STATUS,INFORMATIONAL,STATIC,UNSPECIFIED,LOOKUP,,,,,,,
P35,4,How can we help reduce energy usage?,ENERGY,STATUS,INFORMATIONAL,STATIC,UNSPECIFIED,LOOKUP,,,,,,,
P66,1,How do you protect the building?,OTHER,CAPABILITY,INFORMATIONAL,STATIC,BUILDING,LOOKUP,,,,,,,
P16,1,20,OTHER,STATUS,INFORMATIONAL,STATIC,UNSPECIFIED,LOOKUP,,,,,,,
P63,4,how do you save energy daily?,ENERGY,CAPABILITY,INFORMATIONAL,STATIC,UNSPECIFIED,LOOKUP,,,,,,,
P33,2,What is your occupancy sensor used for?,OCCUPANCY,STATUS,INFORMATIONAL,STATIC,UNSPECIFIED,LOOKUP,,,,,,,
P87,4,"If it's a sunny day, can you lower blinds to save glare and keep temps low?",LIGHTING,STATUS,INFORMATIONAL,STATIC,UNSPECIFIED,LOOKUP,,,,,,,
P38,1,As a tenant am I able to adjust the theromstat or do I need to ask the landlord to do so?,CONTROL,STATUS,INFORMATIONAL,STATIC,UNSPECIFIED,LOOKUP,,,,,,,
P42,2,Do the temp sensors warm empty rooms?,THERMAL,STATUS,INFORMATIONAL,STATIC,UNSPECIFIED,LOOKUP,,,,,,,
P70,4,carbon low?,SUSTAINABILITY,STATUS,INFORMATIONAL,STATIC,UNSPECIFIED,LOOKUP,,,,,,,
P43,2,How fast is the fan currently running for the ventilation system in your room? It is louder than it used to be.,ENERGY,STATUS,INFORMATIONAL,REALTIME,ROOM,LOOKUP,,,,,,,
P77,2,I worked in an office where the air conditioning didn't kick in until it got really hot. I nearly passed out once. How will you prevent this from happening?,THERMAL,STATUS,INFORMATIONAL,STATIC,ROOM,LOOKUP,,,,,,,
P60,4,How is visual comfort measured by the building?,THERMAL,STATUS,INFORMATIONAL,STATIC,BUILDING,LOOKUP,,,,,,,
P60,4,Can I see live CO2 levels on displays?,AIR_QUALITY,CAPABILITY,INFORMATIONAL,REALTIME,UNSPECIFIED,LOOKUP,,,,,,,
P96,2,What is the acceptable threshold for carbondioxide level?,SUSTAINABILITY,ANOMALY,DIAGNOSTIC,STATIC,UNSPECIFIED,MULTI_STEP,,,,,,,
P52,2,can glare affect visibility?,LIGHTING,CAPABILITY,INFORMATIONAL,STATIC,UNSPECIFIED,LOOKUP,,,,,,,
P85,1,how is natural light maximixed here,LIGHTING,STATUS,INFORMATIONAL,STATIC,UNSPECIFIED,LOOKUP,,,,,,,
P76,4,What type of internal lights are used and could altering the light colors slightly help with glare and visibility?,LIGHTING,STATUS,INFORMATIONAL,STATIC,UNSPECIFIED,LOOKUP,,,,,,,
P49,2,can you track water usage daily?,WATER,CAPABILITY,INFORMATIONAL,STATIC,UNSPECIFIED,LOOKUP,,,,,,,
P40,4,is the site a brownfield,OTHER,STATUS,INFORMATIONAL,STATIC,UNSPECIFIED,LOOKUP,,,,,,,
P24,4,"Is there a way to understand when one area of the building is heated up, how it effects other areas? That is, does a temperature change in one area allow for slight lowered adjustments in other areas to save on energy costs?",ENERGY,CAPABILITY,INFORMATIONAL,STATIC,BUILDING,LOOKUP,,,,,,,
P60,1,How does the ventilation system work to ensure fresh air?,AIR_QUALITY,DIAGNOSTIC,DIAGNOSTIC,STATIC,UNSPECIFIED,LOOKUP,,,,,,,
P26,3,Who is given access to this space? What kind of security does the space have?,SECURITY,STATUS,INFORMATIONAL,STATIC,UNSPECIFIED,LOOKUP,,,,,,,
P52,3,can you guide me to the nearest exit?,SAFETY,CAPABILITY,INFORMATIONAL,STATIC,UNSPECIFIED,LOOKUP,,,,,,,
P64,1,What is the energy usage today?,ENERGY,STATUS,INFORMATIONAL,STATIC,UNSPECIFIED,LOOKUP,,,,,,,
P35,1,When was the roof last replaced?,MAINTENANCE,STATUS,INFORMATIONAL,STATIC,UNSPECIFIED,LOOKUP,,,,,,,
P82,3,Why does this system interest me? what does the open plan systems actually offer for me to change?,WAYFINDING,DIAGNOSTIC,DIAGNOSTIC,STATIC,UNSPECIFIED,LOOKUP,,,,,,,
P79,4,Are you attempting to get employees in trouble by monitoring their water usage?,WATER,STATUS,INFORMATIONAL,STATIC,UNSPECIFIED,LOOKUP,,,,,,,
P15,4,Is it possible to have different temperatures in the same room?,THERMAL,CAPABILITY,INFORMATIONAL,STATIC,ROOM,LOOKUP,,,,,,,
P42,2,Do the lights turn on for 1 person?,LIGHTING,STATUS,INFORMATIONAL,STATIC,UNSPECIFIED,LOOKUP,,,,,,,
P87,1,How warm is it in here?,THERMAL,STATUS,INFORMATIONAL,STATIC,UNSPECIFIED,LOOKUP,,,,,,,
P33,4,How can temps be managed in an open office setting?,WAYFINDING,STATUS,INFORMATIONAL,STATIC,ROOM,LOOKUP,,,,,,,
P94,1,how would be a safety measures in the building,SAFETY,STATUS,INFORMATIONAL,STATIC,BUILDING,LOOKUP,,,,,,,
P53,4,Could the building alert a room if pollution levels have risen too high and ventilate until safe to return?,SAFETY,ANOMALY,DIAGNOSTIC,STATIC,BUILDING,MULTI_STEP,,,,,,,
P91,4,lightting optaial,LIGHTING,STATUS,INFORMATIONAL,STATIC,UNSPECIFIED,LOOKUP,,,,,,,
P53,4,Can the building monitor energy use and alert humans to spikes and possible problems?,ENERGY,ANOMALY,DIAGNOSTIC,STATIC,BUILDING,MULTI_STEP,,,,,,,
P41,1,is there an elevator or only stairs,ACCESSIBILITY,CAPABILITY,INFORMATIONAL,STATIC,UNSPECIFIED,LOOKUP,,,,,,,
P39,1,Does the building actually talk back to me,OTHER,CAPABILITY,INFORMATIONAL,STATIC,BUILDING,LOOKUP,,,,,,,
P98,2,HEALTH CARE,OTHER,STATUS,INFORMATIONAL,STATIC,UNSPECIFIED,LOOKUP,,,,,,,
P69,4,Can you automatically adjust temperature based on occupancy?,THERMAL,CAPABILITY,INFORMATIONAL,STATIC,UNSPECIFIED,LOOKUP,,,,,,,
P48,2,What kind of microphone is used in the sound level sensor?,WELLBEING,STATUS,INFORMATIONAL,STATIC,UNSPECIFIED,LOOKUP,,,,,,,
P85,4,acoustic,OTHER,STATUS,INFORMATIONAL,STATIC,UNSPECIFIED,LOOKUP,,,,,,,
P73,2,lights on?,LIGHTING,STATUS,INFORMATIONAL,STATIC,UNSPECIFIED,LOOKUP,,,,,,,
P73,3,cooling okey?,THERMAL,STATUS,INFORMATIONAL,STATIC,UNSPECIFIED,LOOKUP,,,,,,,
P29,1,Are you able to process payments?,OTHER,STATUS,INFORMATIONAL,STATIC,UNSPECIFIED,LOOKUP,,,,,,,
P63,2,can glare affect visibility?,LIGHTING,CAPABILITY,INFORMATIONAL,STATIC,UNSPECIFIED,LOOKUP,,,,,,,
P37,2,Can the frequency sensor detect abnormal EMF polution?,OTHER,CAPABILITY,INFORMATIONAL,STATIC,UNSPECIFIED,LOOKUP,,,,,,,
P80,3,What are the complications with dealing effectively with implementing sensors properly when dealing with a shared workspace?,OTHER,STATUS,INFORMATIONAL,STATIC,UNSPECIFIED,LOOKUP,,,,,,,
P66,1,Can you show available parking?,TRANSPORT,CAPABILITY,INFORMATIONAL,STATIC,UNSPECIFIED,LOOKUP,,,,,,,
P88,2,What is the current temperature in this room,ENERGY,STATUS,INFORMATIONAL,REALTIME,ROOM,LOOKUP,,,,,,,
P78,3,system safe?,SAFETY,STATUS,INFORMATIONAL,STATIC,UNSPECIFIED,LOOKUP,,,,,,,
P96,1,Is there any parking area near with it?,TRANSPORT,CAPABILITY,INFORMATIONAL,STATIC,UNSPECIFIED,LOOKUP,,,,,,,
P23,2,does the laundry room have sensors that can alert residents when their laundry is done?,OTHER,ANOMALY,DIAGNOSTIC,STATIC,ROOM,MULTI_STEP,,,,,,,
P63,1,how do you maintain air quality?,AIR_QUALITY,CAPABILITY,INFORMATIONAL,STATIC,UNSPECIFIED,LOOKUP,,,,,,,
P68,2,Is there any windows open?,AIR_QUALITY,CAPABILITY,INFORMATIONAL,STATIC,UNSPECIFIED,LOOKUP,,,,,,,
P33,2,What do you use motion sensors for?,OTHER,STATUS,INFORMATIONAL,STATIC,UNSPECIFIED,LOOKUP,,,,,,,
P51,2,How much power do all of the lamps in my bedroom use? I want to determine if my energy use is too high or not.,ENERGY,ANOMALY,DIAGNOSTIC,STATIC,UNSPECIFIED,AGGREGATION,,,,,,,
P33,3,What features are available to guests in the lobby?,WAYFINDING,STATUS,INFORMATIONAL,STATIC,ROOM,LOOKUP,,,,,,,
P60,4,Can the building shift loads to greener hours?,ENERGY,CAPABILITY,INFORMATIONAL,STATIC,BUILDING,LOOKUP,,,,,,,
P67,3,is there bad smell in air ?,AIR_QUALITY,CAPABILITY,INFORMATIONAL,STATIC,UNSPECIFIED,LOOKUP,,,,,,,
P26,2,What if users of the space have different preferences for humidity level?,AIR_QUALITY,STATUS,INFORMATIONAL,STATIC,UNSPECIFIED,LOOKUP,,,,,,,
P27,1,Who owns this building?,INFO_REQUEST,STATUS,INFORMATIONAL,STATIC,BUILDING,LOOKUP,,,,,,,
P91,1,can you reduce the least croweded right now,OTHER,COMPARISON,INFORMATIONAL,REALTIME,UNSPECIFIED,AGGREGATION,,,,,,,
P91,4,water carbon,WATER,STATUS,INFORMATIONAL,STATIC,UNSPECIFIED,LOOKUP,,,,,,,
P40,4,are we maintaining relative humidity between 40 to 60,AIR_QUALITY,STATUS,INFORMATIONAL,STATIC,UNSPECIFIED,LOOKUP,,,,,,,
P62,4,IS WATER SUPPLY OKAY ?,WATER,STATUS,INFORMATIONAL,STATIC,UNSPECIFIED,LOOKUP,,,,,,,
P53,3,Are people allowed access to the roof? How does the building control and verify credentials?,CONTROL,STATUS,INFORMATIONAL,STATIC,BUILDING,LOOKUP,,,,,,,
P23,2,are there CO2 detectors in all apartments?,AIR_QUALITY,CAPABILITY,INFORMATIONAL,STATIC,UNSPECIFIED,LOOKUP,,,,,,,
P22,2,has your building had any problems with the backup generator and frequency?,OTHER,STATUS,INFORMATIONAL,STATIC,UNSPECIFIED,LOOKUP,,,,,,,
P20,2,How many batteries could be totally offline before the system becomes unusable?,MAINTENANCE,STATUS,INFORMATIONAL,STATIC,UNSPECIFIED,AGGREGATION,,,,,,,
P16,1,54,OTHER,STATUS,INFORMATIONAL,STATIC,UNSPECIFIED,LOOKUP,,,,,,,
P66,2,How does people count wpork?,OTHER,STATUS,INFORMATIONAL,STATIC,UNSPECIFIED,AGGREGATION,,,,,,,
P62,1,CAN YOU SHOW A HEATMAP OF ENERGY CONSUMPTION VS. ACTUAL FLOR USAGE FOR THE LAST 30 DAYS?,ENERGY,CAPABILITY,INFORMATIONAL,STATIC,UNSPECIFIED,LOOKUP,,,,,,,
P95,2,What is the purity of the drinking water?,WATER,STATUS,INFORMATIONAL,STATIC,UNSPECIFIED,LOOKUP,,,,,,,
P96,3,how can i adjust environment?,SUSTAINABILITY,RECOMMENDATION,PRESCRIPTIVE,STATIC,UNSPECIFIED,LOOKUP,,,,,,,
P89,1,What type of building ?,OTHER,STATUS,INFORMATIONAL,STATIC,UNSPECIFIED,LOOKUP,,,,,,,
P78,4,healthy space?,OTHER,STATUS,INFORMATIONAL,STATIC,UNSPECIFIED,LOOKUP,,,,,,,
P36,1,can you smell?,AIR_QUALITY,CAPABILITY,INFORMATIONAL,STATIC,UNSPECIFIED,LOOKUP,,,,,,,
P87,4,Would the humidity in the office support plant growth without damaging equipment?,AIR_QUALITY,STATUS,INFORMATIONAL,STATIC,ROOM,LOOKUP,,,,,,,
P29,3,what happens if a charger fails?,MAINTENANCE,STATUS,INFORMATIONAL,STATIC,UNSPECIFIED,LOOKUP,,,,,,,
P68,3,Is the rooftop clear?,OTHER,STATUS,INFORMATIONAL,STATIC,UNSPECIFIED,LOOKUP,,,,,,,
P44,2,Do occupancy sensord use camers,OCCUPANCY,STATUS,INFORMATIONAL,STATIC,UNSPECIFIED,LOOKUP,,,,,,,
P51,4,"I assume that on hot days, some people won't get cool enough. And on cold days, some will complain that the building isn't warm enough. How is the balance between energy efficiency and thermal comfort controlled?",ENERGY,STATUS,INFORMATIONAL,STATIC,BUILDING,LOOKUP,,,,,,,
P77,1,How do you handle lighting? I hate any type of glare or insufficient lighting.,LIGHTING,CAPABILITY,INFORMATIONAL,STATIC,UNSPECIFIED,LOOKUP,,,,,,,
P81,1,doors locked?,SECURITY,STATUS,INFORMATIONAL,STATIC,UNSPECIFIED,LOOKUP,,,,,,,
P70,2,room occupied?,OCCUPANCY,STATUS,INFORMATIONAL,STATIC,ROOM,LOOKUP,,,,,,,
P41,4,is there a cutoff time for activities in the meeting and outdoor spaces,SECURITY,CAPABILITY,INFORMATIONAL,STATIC,ROOM,LOOKUP,,,,,,,
P83,1,7,OTHER,STATUS,INFORMATIONAL,STATIC,UNSPECIFIED,LOOKUP,,,,,,,
P63,4,how can you reduce water usage in this building?,WATER,STATUS,INFORMATIONAL,STATIC,BUILDING,LOOKUP,,,,,,,
P51,4,Tell me more about your energy efficiency plans. Is the connected electric grid able to support load during peak demand? I'd also be curious to know the baseload and general energy consumption on a typical day when the building is mostly occupied.,ENERGY,STATUS,INFORMATIONAL,STATIC,BUILDING,LOOKUP,,,,,,,
P63,4,how do you support green building standards?,SUSTAINABILITY,CAPABILITY,INFORMATIONAL,STATIC,UNSPECIFIED,LOOKUP,,,,,,,
P95,4,Are there shared spaces to work?,WAYFINDING,CAPABILITY,INFORMATIONAL,STATIC,UNSPECIFIED,LOOKUP,,,,,,,
P61,2,What is current temperature in this room?,ENERGY,STATUS,INFORMATIONAL,REALTIME,ROOM,LOOKUP,,,,,,,
P29,1,Can you automate yourself,CONTROL,CAPABILITY,INFORMATIONAL,STATIC,UNSPECIFIED,LOOKUP,,,,,,,
P61,3,Is there any movement detected here?,OTHER,CAPABILITY,INFORMATIONAL,STATIC,UNSPECIFIED,LOOKUP,,,,,,,
P71,1,is the HVAC system running at optimal efficiency?,THERMAL,STATUS,INFORMATIONAL,STATIC,UNSPECIFIED,LOOKUP,,,,,,,
P77,4,Thermal comfort was manually closing the shades or putting on a sweater. What will be built into the building so we can join the modern world?,THERMAL,STATUS,PREDICTIVE,PREDICTIVE,BUILDING,MULTI_STEP,,,,,,,
P63,2,what is the current lightlevel?,ENERGY,STATUS,INFORMATIONAL,REALTIME,UNSPECIFIED,LOOKUP,,,,,,,
P43,2,Do any of the smart plugs in the breakroom still have a standby power draw while nothing is plugged into them?,ENERGY,STATUS,INFORMATIONAL,STATIC,UNSPECIFIED,LOOKUP,,,,,,,
P33,3,Can anyone use the EV chargers?,TRANSPORT,CAPABILITY,INFORMATIONAL,STATIC,UNSPECIFIED,LOOKUP,,,,,,,
P16,2,2,OTHER,STATUS,INFORMATIONAL,STATIC,UNSPECIFIED,LOOKUP,,,,,,,
P03,3,ergtg,OTHER,STATUS,INFORMATIONAL,STATIC,UNSPECIFIED,LOOKUP,,,,,,,
P15,2,How soon can I be alerted if a sensor replacement is necessary?,MAINTENANCE,STATUS,INFORMATIONAL,STATIC,UNSPECIFIED,LOOKUP,,,,,,,
P23,1,Are there any cats inside this building (very allergic)?,AIR_QUALITY,CAPABILITY,INFORMATIONAL,STATIC,BUILDING,LOOKUP,,,,,,,
P25,2,Are my windows leaking heat right now?,AIR_QUALITY,STATUS,INFORMATIONAL,REALTIME,UNSPECIFIED,LOOKUP,,,,,,,
P96,2,how does the building communicate with is owner?,INFO_REQUEST,STATUS,INFORMATIONAL,STATIC,BUILDING,LOOKUP,,,,,,,
P90,1,If we drop a chicken from the roof will it survive,OTHER,STATUS,INFORMATIONAL,STATIC,UNSPECIFIED,LOOKUP,,,,,,,
P45,4,Is the Focus Zone Currently at its maximum occupancy limits,ENERGY,STATUS,INFORMATIONAL,REALTIME,UNSPECIFIED,LOOKUP,,,,,,,
P15,2,Are there any health risks involved with the occupancy sensors?,SAFETY,CAPABILITY,INFORMATIONAL,STATIC,UNSPECIFIED,LOOKUP,,,,,,,
P26,3,How does the system manage flow if everyone leaves and arrives at the same time?,OTHER,CAPABILITY,INFORMATIONAL,STATIC,UNSPECIFIED,LOOKUP,,,,,,,
P28,3,"Where does the background noise from the Building come from, is it overhead and can it be directed?",WELLBEING,STATUS,INFORMATIONAL,STATIC,BUILDING,LOOKUP,,,,,,,
P65,1,HAVE YOU WATCHED AVENGER MOVIE /,OTHER,STATUS,INFORMATIONAL,STATIC,UNSPECIFIED,LOOKUP,,,,,,,
P45,4,how to make energy more efficient,ENERGY,STATUS,INFORMATIONAL,STATIC,UNSPECIFIED,LOOKUP,,,,,,,
P21,1,Is the building a green building?,SUSTAINABILITY,STATUS,INFORMATIONAL,STATIC,BUILDING,LOOKUP,,,,,,,
P11,1,2,OTHER,STATUS,INFORMATIONAL,STATIC,UNSPECIFIED,LOOKUP,,,,,,,
P66,1,Can you improve lighting conditions?,LIGHTING,CAPABILITY,INFORMATIONAL,STATIC,UNSPECIFIED,LOOKUP,,,,,,,
P69,3,Are lighting and temperature optimal?,THERMAL,STATUS,INFORMATIONAL,STATIC,UNSPECIFIED,LOOKUP,,,,,,,
P61,2,When was the door last used?,SECURITY,STATUS,INFORMATIONAL,STATIC,UNSPECIFIED,LOOKUP,,,,,,,
P87,3,Which desk areas are louder than others?,WELLBEING,STATUS,INFORMATIONAL,STATIC,UNSPECIFIED,LOOKUP,,,,,,,
P76,2,"Does this Building have any visible panels that display information or must everything be accessed through apps or terminals, such as in the case of outside weather or security threats?",SECURITY,STATUS,INFORMATIONAL,STATIC,BUILDING,LOOKUP,,,,,,,
P59,3,Can you alert maintenance issues quickly?,MAINTENANCE,ANOMALY,DIAGNOSTIC,STATIC,UNSPECIFIED,MULTI_STEP,,,,,,,
P16,1,12,OTHER,STATUS,INFORMATIONAL,STATIC,UNSPECIFIED,LOOKUP,,,,,,,
P88,3,is this room actually occupied or just booked?,OCCUPANCY,STATUS,INFORMATIONAL,STATIC,ROOM,LOOKUP,,,,,,,
P46,1,why,OTHER,STATUS,INFORMATIONAL,STATIC,UNSPECIFIED,LOOKUP,,,,,,,
P69,2,What is the current light intensity (lux) in this room?,ENERGY,STATUS,INFORMATIONAL,REALTIME,ROOM,LOOKUP,,,,,,,
P33,4,What days of the week use the most energy?,ENERGY,COMPARISON,INFORMATIONAL,STATIC,UNSPECIFIED,AGGREGATION,,,,,,,
P79,2,How many people do you hold at a maximum?,OCCUPANCY,STATUS,INFORMATIONAL,STATIC,UNSPECIFIED,AGGREGATION,,,,,,,
P97,1,Where is the nearest restroom?,WAYFINDING,STATUS,INFORMATIONAL,STATIC,UNSPECIFIED,LOOKUP,,,,,,,
P85,3,humidy right,AIR_QUALITY,STATUS,INFORMATIONAL,STATIC,UNSPECIFIED,LOOKUP,,,,,,,
P94,2,the ac how would reduce the co2,AIR_QUALITY,STATUS,INFORMATIONAL,STATIC,UNSPECIFIED,LOOKUP,,,,,,,
P93,3,Imagine the noise levels around you — what could the building do to help you concentrate?,WELLBEING,STATUS,INFORMATIONAL,STATIC,BUILDING,LOOKUP,,,,,,,
P94,2,what does sensor measures how would be feel,OTHER,STATUS,INFORMATIONAL,STATIC,UNSPECIFIED,LOOKUP,,,,,,,
P61,4,Is the room temperature comfortable for eneryone?,THERMAL,STATUS,INFORMATIONAL,STATIC,ROOM,LOOKUP,,,,,,,
P71,4,Leak detected?,WATER,STATUS,INFORMATIONAL,STATIC,UNSPECIFIED,LOOKUP,,,,,,,
P61,1,Can you room too crowded?,OCCUPANCY,CAPABILITY,INFORMATIONAL,STATIC,ROOM,LOOKUP,,,,,,,
P21,2,"How often are these systems inspected, to make sure they are operating correctly?",OTHER,STATUS,INFORMATIONAL,STATIC,UNSPECIFIED,LOOKUP,,,,,,,
P91,1,thankyou,OTHER,STATUS,INFORMATIONAL,STATIC,UNSPECIFIED,LOOKUP,,,,,,,
P62,4,IS THE BUILDING LIGHTENING PROOF?,LIGHTING,STATUS,INFORMATIONAL,STATIC,BUILDING,LOOKUP,,,,,,,
P12,4,DAS,OTHER,STATUS,INFORMATIONAL,STATIC,UNSPECIFIED,LOOKUP,,,,,,,
P15,2,What's the best way to save money by analizing gas usage?,WAYFINDING,RECOMMENDATION,PRESCRIPTIVE,STATIC,UNSPECIFIED,LOOKUP,,,,,,,
P95,1,Where is the fire extinguisher located?,SAFETY,STATUS,INFORMATIONAL,STATIC,UNSPECIFIED,LOOKUP,,,,,,,
P93,2,How does a low Power Factor affect the efficiency of an industrial electrical system?,ENERGY,STATUS,INFORMATIONAL,STATIC,UNSPECIFIED,LOOKUP,,,,,,,
P94,2,in the building  health will  manage  equipments,MAINTENANCE,STATUS,INFORMATIONAL,STATIC,BUILDING,LOOKUP,,,,,,,
P88,2,What is the acceptable threshold for VOC levels here,AIR_QUALITY,ANOMALY,DIAGNOSTIC,STATIC,UNSPECIFIED,MULTI_STEP,,,,,,,
P63,2,what is the current power usage?,ENERGY,STATUS,INFORMATIONAL,REALTIME,UNSPECIFIED,LOOKUP,,,,,,,
P22,3,our projector isn't working. can you get another one in here pronto?,OTHER,STATUS,INFORMATIONAL,STATIC,UNSPECIFIED,LOOKUP,,,,,,,
P35,4,What are the current lux levels on the lights in the rooms?,ENERGY,STATUS,INFORMATIONAL,REALTIME,UNSPECIFIED,LOOKUP,,,,,,,
P74,1,Is it too crowded here?,OCCUPANCY,STATUS,INFORMATIONAL,STATIC,UNSPECIFIED,LOOKUP,,,,,,,
P95,4,In which area I can work without interruptions?,OTHER,STATUS,INFORMATIONAL,STATIC,UNSPECIFIED,LOOKUP,,,,,,,
P25,2,How much water have I used this month so far?,WATER,STATUS,INFORMATIONAL,STATIC,UNSPECIFIED,AGGREGATION,,,,,,,
P95,2,Ca you alert me if the noise level crosses 60 decibels?,WELLBEING,ANOMALY,DIAGNOSTIC,STATIC,UNSPECIFIED,MULTI_STEP,,,,,,,
P57,3,Can the system detect if someone in a large open room is sick?,WAYFINDING,CAPABILITY,INFORMATIONAL,STATIC,ROOM,LOOKUP,,,,,,,
P45,4,why i need lightning clear,LIGHTING,DIAGNOSTIC,DIAGNOSTIC,STATIC,UNSPECIFIED,LOOKUP,,,,,,,
P49,4,good,OTHER,STATUS,INFORMATIONAL,STATIC,UNSPECIFIED,LOOKUP,,,,,,,
P81,2,windows open?,AIR_QUALITY,STATUS,INFORMATIONAL,STATIC,UNSPECIFIED,LOOKUP,,,,,,,
P81,2,temperature high?,THERMAL,STATUS,INFORMATIONAL,STATIC,UNSPECIFIED,LOOKUP,,,,,,,
P28,3,Where would the number of people in this area be displayed so that someone could know about the crowd before walking there?,OCCUPANCY,STATUS,INFORMATIONAL,STATIC,UNSPECIFIED,LOOKUP,,,,,,,
P41,4,what incentives do you offer to lower usage during peak times,OTHER,STATUS,INFORMATIONAL,STATIC,UNSPECIFIED,LOOKUP,,,,,,,
P40,1,what kind of color combination is perfect to use buildings,WASTE,STATUS,INFORMATIONAL,STATIC,UNSPECIFIED,LOOKUP,,,,,,,
P66,3,Can cooling system prevent overheating?,THERMAL,CAPABILITY,INFORMATIONAL,STATIC,UNSPECIFIED,LOOKUP,,,,,,,
P61,4,How can we reduce energy consumption in this building?,ENERGY,STATUS,INFORMATIONAL,STATIC,BUILDING,LOOKUP,,,,,,,
P60,1,How does the building collect and reuse rainwater?,WATER,STATUS,INFORMATIONAL,STATIC,BUILDING,LOOKUP,,,,,,,
P29,3,how to the microphones adapt to those that are loud spoken and soft spoken,WELLBEING,STATUS,INFORMATIONAL,STATIC,UNSPECIFIED,LOOKUP,,,,,,,
P45,2,can i us efan in high speed,OTHER,CAPABILITY,INFORMATIONAL,STATIC,UNSPECIFIED,LOOKUP,,,,,,,
P40,3,meeting room is important,WAYFINDING,STATUS,INFORMATIONAL,STATIC,ROOM,LOOKUP,,,,,,,
P31,2,does your building get cold in the winter,THERMAL,STATUS,INFORMATIONAL,STATIC,UNSPECIFIED,LOOKUP,,,,,,,
P21,1,What are the key green features of the building?,SUSTAINABILITY,STATUS,INFORMATIONAL,STATIC,BUILDING,LOOKUP,,,,,,,
P91,3,free parking available,TRANSPORT,STATUS,INFORMATIONAL,STATIC,UNSPECIFIED,LOOKUP,,,,,,,
P96,2,Does the oxygen sensors trigger any action?,AIR_QUALITY,STATUS,INFORMATIONAL,STATIC,UNSPECIFIED,LOOKUP,,,,,,,
P72,2,Do you turn off lights when no one is there?,LIGHTING,STATUS,INFORMATIONAL,STATIC,UNSPECIFIED,LOOKUP,,,,,,,
P93,1,How Cars Works,OTHER,STATUS,INFORMATIONAL,STATIC,UNSPECIFIED,LOOKUP,,,,,,,
P66,2,What is the gas meter reading now?,ENERGY,STATUS,INFORMATIONAL,REALTIME,UNSPECIFIED,LOOKUP,,,,,,,
P95,1,Can you remind me every half an hour to drink water?,WATER,CAPABILITY,INFORMATIONAL,STATIC,UNSPECIFIED,LOOKUP,,,,,,,
P77,4,The only time we noticed lighting was when a bulb burned out in the office. How can lighting be made to adapt to our different uses throughout the day and evening?,LIGHTING,STATUS,INFORMATIONAL,STATIC,ROOM,LOOKUP,,,,,,,
P88,2,Do VOC levels vary depending on time of day or occupancy,AIR_QUALITY,STATUS,INFORMATIONAL,STATIC,UNSPECIFIED,LOOKUP,,,,,,,
P57,3,"Do you have any integration with apps on people's phones, like for instance, instead of just a welcome display with a map or something can you guide people to their destinations on their phones?",WAYFINDING,CAPABILITY,INFORMATIONAL,STATIC,UNSPECIFIED,LOOKUP,,,,,,,
P51,3,"From the lobby, what is the most direct path to the conference center for my disabled friend who cannot take the stairs?",WAYFINDING,COMPARISON,INFORMATIONAL,STATIC,ROOM,AGGREGATION,,,,,,,
P12,1,2,OTHER,STATUS,INFORMATIONAL,STATIC,UNSPECIFIED,LOOKUP,,,,,,,
P35,1,Do you have solar power?,ENERGY,CAPABILITY,INFORMATIONAL,STATIC,UNSPECIFIED,LOOKUP,,,,,,,
P45,3,wont it increase cost,OTHER,STATUS,INFORMATIONAL,STATIC,UNSPECIFIED,LOOKUP,,,,,,,
P35,3,What is the air quality in the office?,AIR_QUALITY,STATUS,INFORMATIONAL,STATIC,ROOM,LOOKUP,,,,,,,
P98,2,AUTOMATICALLY INCREASE,CONTROL,STATUS,INFORMATIONAL,STATIC,UNSPECIFIED,LOOKUP,,,,,,,
P59,2,Can voltage fluctuation damage equipment?,ENERGY,CAPABILITY,INFORMATIONAL,STATIC,UNSPECIFIED,LOOKUP,,,,,,,
P91,2,are window open now,AIR_QUALITY,STATUS,INFORMATIONAL,REALTIME,UNSPECIFIED,LOOKUP,,,,,,,
P44,2,How much powe actully need in ordinary home,OTHER,STATUS,INFORMATIONAL,STATIC,UNSPECIFIED,AGGREGATION,,,,,,,
P70,4,air healthy?,OTHER,STATUS,INFORMATIONAL,STATIC,UNSPECIFIED,LOOKUP,,,,,,,
P44,1,for what in your life do you fell most grateful beside me,OTHER,COMPARISON,INFORMATIONAL,STATIC,UNSPECIFIED,AGGREGATION,,,,,,,
P27,1,How many windows do you have?,AIR_QUALITY,STATUS,INFORMATIONAL,STATIC,UNSPECIFIED,AGGREGATION,,,,,,,
P89,1,How dose the building involve?,OTHER,STATUS,INFORMATIONAL,STATIC,BUILDING,LOOKUP,,,,,,,
P63,2,can you monitor PM10 regularly?,MAINTENANCE,CAPABILITY,INFORMATIONAL,STATIC,UNSPECIFIED,LOOKUP,,,,,,,
P71,1,Are there any  free study spaces available nearby?,OTHER,CAPABILITY,INFORMATIONAL,STATIC,UNSPECIFIED,LOOKUP,,,,,,,
P69,3,Is the temperature within safe limits?,SAFETY,STATUS,INFORMATIONAL,STATIC,UNSPECIFIED,LOOKUP,,,,,,,
P59,4,Can you reduce glare in workspaces?,LIGHTING,CAPABILITY,INFORMATIONAL,STATIC,UNSPECIFIED,LOOKUP,,,,,,,
P53,1,Does this building run on renewable energy resources?,ENERGY,STATUS,INFORMATIONAL,STATIC,BUILDING,LOOKUP,,,,,,,
P61,2,Is the humidity level comfortable?,AIR_QUALITY,STATUS,INFORMATIONAL,STATIC,UNSPECIFIED,LOOKUP,,,,,,,
P71,3,what's the water remperature in the cafe area today?,WATER,STATUS,INFORMATIONAL,STATIC,UNSPECIFIED,LOOKUP,,,,,,,
P34,2,How often do you have to replace batteries?,MAINTENANCE,STATUS,INFORMATIONAL,STATIC,UNSPECIFIED,LOOKUP,,,,,,,
P97,2,How much water is used?,WATER,STATUS,INFORMATIONAL,STATIC,UNSPECIFIED,AGGREGATION,,,,,,,
P35,2,Do any of the batteries need to be replaced in the sensors?,MAINTENANCE,STATUS,INFORMATIONAL,STATIC,UNSPECIFIED,LOOKUP,,,,,,,
P81,1,elevator busy?,OCCUPANCY,STATUS,INFORMATIONAL,STATIC,UNSPECIFIED,LOOKUP,,,,,,,
P91,2,is co2 too high here,AIR_QUALITY,ANOMALY,DIAGNOSTIC,STATIC,UNSPECIFIED,MULTI_STEP,,,,,,,
P72,4,How do you promote water conservation among users?,WATER,CAPABILITY,INFORMATIONAL,STATIC,UNSPECIFIED,LOOKUP,,,,,,,
P93,2,How does an increase in Relative Humidity affect the perceived Temperature (Heat Index) in a room?,AIR_QUALITY,STATUS,INFORMATIONAL,STATIC,ROOM,LOOKUP,,,,,,,
P22,3,how filtered and purified is the water you're offering?,WATER,STATUS,INFORMATIONAL,STATIC,UNSPECIFIED,LOOKUP,,,,,,,
P96,2,Can manually override sensor controls?,CONTROL,CAPABILITY,INFORMATIONAL,STATIC,UNSPECIFIED,LOOKUP,,,,,,,
P88,3,Which areas have the freshest air right now?,OTHER,STATUS,INFORMATIONAL,REALTIME,UNSPECIFIED,LOOKUP,,,,,,,
P29,2,can you manage both whole house and specific rooms?,OTHER,CAPABILITY,INFORMATIONAL,STATIC,UNSPECIFIED,LOOKUP,,,,,,,
P79,4,What happens when energy efficiency and employee productivity are at odds?,ENERGY,STATUS,INFORMATIONAL,STATIC,UNSPECIFIED,LOOKUP,,,,,,,
P79,1,What is the function of your building?,OTHER,STATUS,INFORMATIONAL,STATIC,UNSPECIFIED,LOOKUP,,,,,,,
P66,4,Can you detect water leaks automatically?,WATER,CAPABILITY,INFORMATIONAL,STATIC,UNSPECIFIED,LOOKUP,,,,,,,
P79,3,Is the safe open the entire time the building is open?,SAFETY,STATUS,INFORMATIONAL,STATIC,BUILDING,LOOKUP,,,,,,,
P63,2,can NO2 affect air quality?,AIR_QUALITY,CAPABILITY,INFORMATIONAL,STATIC,UNSPECIFIED,LOOKUP,,,,,,,
P23,4,"can you, the building direct me to the quickest elevator based on use and time etc rather than me just choosing one at random?",ACCESSIBILITY,CAPABILITY,INFORMATIONAL,STATIC,BUILDING,LOOKUP,,,,,,,
P63,4,how do you improve lighting efficiency?,LIGHTING,CAPABILITY,INFORMATIONAL,STATIC,UNSPECIFIED,LOOKUP,,,,,,,
P53,3,Does the building have backup emergency lighting in stairwells?,SAFETY,CAPABILITY,INFORMATIONAL,STATIC,BUILDING,LOOKUP,,,,,,,
P43,3,Do we have a working UPS in place that is showing to be at full charge in case of power instability?,ENERGY,STATUS,INFORMATIONAL,STATIC,UNSPECIFIED,LOOKUP,,,,,,,
P71,4,Habitat creation?,OTHER,STATUS,INFORMATIONAL,STATIC,UNSPECIFIED,LOOKUP,,,,,,,
P40,3,what materials are being used for the ceiling and floors,OTHER,STATUS,INFORMATIONAL,STATIC,UNSPECIFIED,LOOKUP,,,,,,,
P20,2,Would this automatic shutoff for standby mode be something that could be done per outlet?,CONTROL,STATUS,INFORMATIONAL,STATIC,UNSPECIFIED,LOOKUP,,,,,,,
P54,4,could the building automatically determine which data analysis I may be overlooking and give annual breakdowns of what should be given a deeper look?,MAINTENANCE,CAPABILITY,PRESCRIPTIVE,STATIC,BUILDING,LOOKUP,,,,,,,
P72,3,How do you manage crowd flow in busy areas?,OCCUPANCY,CAPABILITY,INFORMATIONAL,STATIC,UNSPECIFIED,LOOKUP,,,,,,,
P03,3,hi,OTHER,STATUS,INFORMATIONAL,STATIC,UNSPECIFIED,LOOKUP,,,,,,,
P73,3,visitors waiting?,OTHER,STATUS,INFORMATIONAL,STATIC,UNSPECIFIED,LOOKUP,,,,,,,
P72,4,Can you detect leaks and alert users immediately?,WATER,ANOMALY,DIAGNOSTIC,STATIC,UNSPECIFIED,MULTI_STEP,,,,,,,
P86,1,Do you like Icecream?,OTHER,STATUS,INFORMATIONAL,STATIC,UNSPECIFIED,LOOKUP,,,,,,,
P85,2,room currently ocuiped,ENERGY,STATUS,INFORMATIONAL,REALTIME,ROOM,LOOKUP,,,,,,,
P52,2,can motion sensors detect movement at night?,OTHER,CAPABILITY,INFORMATIONAL,STATIC,UNSPECIFIED,LOOKUP,,,,,,,
P87,2,How much power is being used in our home while we're away?,ENERGY,STATUS,INFORMATIONAL,STATIC,UNSPECIFIED,AGGREGATION,,,,,,,
P87,3,"How many noise spikes (sneezes, drops) happen each day?",WELLBEING,STATUS,INFORMATIONAL,STATIC,UNSPECIFIED,AGGREGATION,,,,,,,
P72,3,How do you detect available parking spaces?,TRANSPORT,CAPABILITY,INFORMATIONAL,STATIC,UNSPECIFIED,LOOKUP,,,,,,,
P81,3,eats free?,OTHER,STATUS,INFORMATIONAL,STATIC,UNSPECIFIED,LOOKUP,,,,,,,
P67,4,is building data showing any issues ?,MAINTENANCE,STATUS,INFORMATIONAL,STATIC,UNSPECIFIED,LOOKUP,,,,,,,
P94,1,in regular day what is the office timing,OTHER,STATUS,INFORMATIONAL,STATIC,ROOM,LOOKUP,,,,,,,
P63,1,can you reduce energy usage at night?,ENERGY,CAPABILITY,INFORMATIONAL,STATIC,UNSPECIFIED,LOOKUP,,,,,,,
P75,1,Are you the only building that can talk around here?,OTHER,STATUS,INFORMATIONAL,STATIC,UNSPECIFIED,LOOKUP,,,,,,,
P82,3,Does the server room still need humans to monitor at all in a smart building?,MAINTENANCE,STATUS,INFORMATIONAL,STATIC,ROOM,LOOKUP,,,,,,,
P29,1,what are your security features?,SECURITY,STATUS,INFORMATIONAL,STATIC,UNSPECIFIED,LOOKUP,,,,,,,
P53,4,Can the building adjust the climate proactively based on weather forecasts?,CONTROL,CAPABILITY,INFORMATIONAL,STATIC,BUILDING,LOOKUP,,,,,,,
P78,2,power usage?,ENERGY,STATUS,INFORMATIONAL,STATIC,UNSPECIFIED,LOOKUP,,,,,,,
P90,4,How could daylight be balanced with artificial lighting to save energy while keeping comfort?,ENERGY,STATUS,INFORMATIONAL,STATIC,UNSPECIFIED,LOOKUP,,,,,,,
P03,1,tdg,OTHER,STATUS,INFORMATIONAL,STATIC,UNSPECIFIED,LOOKUP,,,,,,,
P23,2,can the energy meter break down individual apartments,ENERGY,CAPABILITY,INFORMATIONAL,STATIC,UNSPECIFIED,LOOKUP,,,,,,,
P72,2,How do you measure temperature in different rooms?,THERMAL,CAPABILITY,INFORMATIONAL,STATIC,UNSPECIFIED,LOOKUP,,,,,,,
P60,1,Is the building designed to be environmentally friendly?,SUSTAINABILITY,STATUS,INFORMATIONAL,STATIC,BUILDING,LOOKUP,,,,,,,
