Role,N,GROUNDED_n,INFORMATIONAL_n,DISAMBIGUATION_n,BOUNDARY_n,FAILED_n,Answer_rate_pct,AR_CI_lo,AR_CI_hi,Grounded_rate_pct,Latency_median_s
Ontology Experts,4,1,3,0,0,0,100.0,51.01,100.0,25.0,4.92
Sustainability,91,29,54,4,4,0,91.21,83.6,95.48,31.87,5.48
Guest/Visitor,1398,245,782,213,145,13,73.46,71.09,75.71,17.53,5.56
IT/Data Sci.,681,128,344,163,42,4,69.31,65.75,72.66,18.8,4.94
Health & Safety,100,9,56,31,3,1,65.0,55.25,73.64,9.0,4.89
Occupant,1237,234,537,332,120,14,62.33,59.59,64.99,18.92,5.26
Building Owner,435,71,197,132,34,1,61.61,56.96,66.06,16.32,5.07
Facility Mgr.,477,53,212,188,16,8,55.56,51.07,59.95,11.11,4.93
Researcher,1493,413,413,515,128,24,55.32,52.79,57.83,27.66,5.73
