concept_id,lay_terms,brick_classes,recipe_kind,composite_of,example_questions,confidence
too_warm,too warm|too hot|overheating|feels warm|uncomfortably hot|sweltering|stuffy heat|warm in here,brick:Temperature_Sensor|brick:Zone_Air_Temperature_Sensor,threshold,thermal_comfort,are there any warnings related to equipment overheating nearby? || how does the building prevent overheating in sun exposed areas? || If it's too hot in a room will AI make it cooler even if it is not cost effective?,high
too_cold,too cold|too cool|chilly|freezing|uncomfortably cold|cold in here|feels cold,brick:Temperature_Sensor|brick:Zone_Air_Temperature_Sensor,threshold,thermal_comfort,"If an occupant hits a ""Too Cold"" button, how quickly does the system respond, and does it learn that person's preference for next time? || can you notify me if this area becomes to warm or too cold? || If someone is too cold in a room will AI always make it warmer?",high
thermal_comfort,thermal comfort|temperature comfort|comfortable temperature|is it comfortable|temperature okay,brick:Temperature_Sensor|brick:Humidity_Sensor,range,,temperature comfortable? || How do you ensure comfortable temperature for all occupants? || Is the temperature comfortable for work?,high
temperature_reading,temperature|temp|how warm|how hot|how cold|degrees|current temperature,brick:Temperature_Sensor|brick:Zone_Air_Temperature_Sensor|brick:Outside_Air_Temperature_Sensor,aggregate,,are there controls to reduce cooling when outdoor temperatures are lower? || can i locate a workspacewith the most stable temperature conditions? || can iknow how evenly temperature is distributed across this floor?,high
stuffiness,stuffy|stale air|airless|muggy|close air|needs fresh air|poor ventilation|stifling,brick:CO2_Level_Sensor|brick:CO2_Sensor,threshold,iaq_composite,"are there any rooms with poor ventilation that should be avoided? || Does ""Fan Speed"" increase automatically when the air feels stuffy? || are there any rooms that feel stuffy or poorly ventilated?",high
co2_level,CO2|carbon dioxide|co2 level|co2 concentration|carbon dioxide level,brick:CO2_Level_Sensor|brick:CO2_Sensor,threshold,,"Can the building detect a ""productivity dip"" by correlating high CO2 with low Motion (PIR) in the afternoon? || Can the ""CO2"" sensor detect if a meeting room is getting too crowded? || Does CO2 spike in meeting rooms at 2:00 PM, and is that why everyone feels tired?",high
ventilation_quality,ventilation|air flow|air circulation|fresh air|air exchange,brick:CO2_Level_Sensor|brick:Damper_Position_Sensor|brick:Supply_Air_Flow_Sensor,threshold,iaq_composite,can i check if fresh air intake is sufficient in this area? || how efficiently is the ventilation system removing indoor pollutants? || are there any rooms with poor ventilation that should be avoided?,high
too_humid,too humid|humid|muggy air|moist air|damp feeling|clammy|sticky air|high humidity,brick:Humidity_Sensor|brick:Relative_Humidity_Sensor,threshold,thermal_comfort,are there any sensors detecting excessive humidity in certain areas? || can you notify me if indoorair becomes too dry or humid? || Can the Biological Contaminant sensors detect if the humidity is high enough to risk mold growth in the stairwells?,high
too_dry,dry air|low humidity|dry|dryness,brick:Humidity_Sensor|brick:Relative_Humidity_Sensor,threshold,thermal_comfort,is the indoor air dry enough to cause discomfort? || can you notify me if indoorair becomes too dry or humid? || is the air feeling dry or too moist at the moment?,high
humidity_reading,humidity|relative humidity|moisture level|how humid|moisture,brick:Humidity_Sensor|brick:Relative_Humidity_Sensor,aggregate,,are there any sensors detecting excessive humidity in certain areas? || Can the Biological Contaminant sensors detect if the humidity is high enough to risk mold growth in the stairwells? || What is the threshold for Relative Humidity before the building warns about static electricity risks to the hardware?,high
iaq_composite,indoor air quality|IAQ|air quality|air quality index|how clean is the air|pollutant levels,brick:CO2_Level_Sensor|brick:PM2.5_Level_Sensor|brick:TVOC_Sensor|brick:Air_Quality_Sensor,aggregate,,can the building warm about dealing indoor air quality before it becomes unsafe? || how consistent has air quality been throughout the entire day? || are there hidden sources of indoor pollution affecting air quality?,high
pm25_level,particulate matter|PM2.5|dust|fine particles|aerosols,brick:PM2.5_Level_Sensor,threshold,iaq_composite,"During high pollen or smog days, how do PM2.5 and PM10 sensors trigger the building’s high-efficiency filtration? || How does the building track PM2.5 levels near the air intake vents during peak traffic hours? || Is the current PM2.5 level low enough for a healthy work environment today?",medium
tvoc_level,VOC|volatile organic compound|chemical smell|TVOC|organic pollutants|chemical fumes,brick:TVOC_Sensor,threshold,iaq_composite,"Does the VOC sensor differentiate between ""cooking odors"" and dangerous gas leaks in the kitchen? || If VOC levels spike during the morning cleaning shift, does the Fan Speed increase automatically to clear the air? || Do VOC levels spike specifically after the night-shift cleaning crew uses certain products?",medium
smell_odour,smell|odour|bad smell|stinks|musty|chemical odour|foul smell|odor,brick:TVOC_Sensor|brick:CO2_Sensor,threshold,iaq_composite,"is there any unusual odor detected in this area? || Does the VOC sensor differentiate between ""cooking odors"" and dangerous gas leaks in the kitchen? || If VOC (Volatile Organic Compound) sensors detect high cooking odors, does the exhaust system bypass the standard circulation to vent directly outside?",medium
noisy,noisy|loud|too loud|noise|disruptive noise|disturbing sounds|high noise level,brick:Noise_Level_Sensor|brick:Sound_Level_Sensor,threshold,acoustic_comfort,are there any areas where noise levels suddenly increased? || can i find a workspace that matches my preferred noise and lighting levels? || have there been any continuous noise disturbances recently?,high
quiet_zone,quiet|silent|quiet area|quiet floor|low noise|peaceful|quiet for study|acoustic comfort,brick:Noise_Level_Sensor|brick:Sound_Level_Sensor,threshold,acoustic_comfort,are some areas quieter than expected right now? || which spaces are most suitable for quiet study at this hour? || Can we set different Thermostat Setpoints for the gym versus the quiet library zone to match human metabolic rates?,high
acoustic_comfort,acoustic comfort|sound environment|noise environment|comfortable for focus|noise level,brick:Noise_Level_Sensor,range,,are there any areas where noise levels suddenly increased? || can you alert me if noise levels spike in theopen workspace? || Imagine the noise levels around you — what could the building do to help you concentrate?,high
too_bright,too bright|glare|harsh light|blinding|overly lit|too much light,brick:Illuminance_Sensor|brick:Luminance_Sensor,threshold,lighting_comfort,"can the system guide me to a workspace with minimal glare on screens? || If the Glare Index is too high, can the building suggest a different desk to the user rather than just closing the blinds? || Can the ""Glare Index"" tell if the sun is reflecting off my computer screen?",high
too_dark,too dark|dim|not enough light|poor lighting|low light|dark,brick:Illuminance_Sensor|brick:Luminance_Sensor,threshold,lighting_comfort,"are there any zones where lighting is too dim for work right now? || is the lighting too harsh or too dim in any workspace? || If the Lux level is high near the windows, can the desks in the center of the room stay dimmer to save energy?",high
lighting_comfort,lighting|light level|illuminance|brightness|adequate lighting|lighting conditions,brick:Illuminance_Sensor|brick:Luminance_Sensor,range,,"are adaptive lighting system used to support cricadian ehythms? || how is energy distributed across different systems like HVAC, lighting, and equipment? || are there any zones where lighting is too dim for work right now?",high
natural_light,natural light|daylight|sunlight|daylit|sunlit|daylighting,brick:Daylight_Sensor|brick:Illuminance_Sensor,range,lighting_comfort,"are lighting systems responding well to changing daylight conditions? || Could the building calculate the Carbon Emissions saved every time a floor successfully uses ""Daylight Harvesting"" instead of LEDs? || Which meeting room has the best natural light and lowest CO2 levels right now for a brainstorm?",medium
crowded,crowded|packed|full|too many people|congested|over capacity|no space,brick:Occupancy_Sensor|brick:Motion_Sensor,threshold,busyness,can the system recommend a break area that is less crowded? || which zones are becoming overcrowded more frequently? || can you notify me if this room becomes too crowded?,high
busy,busy|busyness|how busy|how many people|high occupancy,brick:Occupancy_Sensor|brick:Motion_Sensor|brick:People_Counter_Sensor,aggregate,busyness,how dose the building manage waste during high occupancy events? || Could the PMV (Predicted Mean Vote) index be used to automatically adjust the temperature based on how many people are wearing coats? || elevator busy?,high
empty_space,empty|available|vacant|free space|nobody there|unoccupied|available desk,brick:Occupancy_Sensor|brick:Motion_Sensor,threshold,busyness,"Could escalators switch to standby when corridors are empty? || Does energy consumption actually drop when occupancy sensors show the building is 80% empty, or is the HVAC ""blind"" to real-time usage?3 || Can the check-in kiosks identify if a visitor has arrived early and suggest a specific café seat that is currently vacant?",high
busyness,occupancy|how full is it|space utilization|room utilization|occupancy rate|how occupied,brick:Occupancy_Sensor|brick:People_Counter_Sensor,aggregate,,how dose the building manage waste during high occupancy events? || are there smart schedules for heating and cooling based on occupancy patterns? || can the building adjust settings automatically based on occupancy changes?,high
quiet_time,when is it quiet|best time to visit|quietest time|least busy time|off-peak,brick:Occupancy_Sensor|brick:Motion_Sensor,trend,busyness,Is the system able to let me know which areas to focus on to find items to move to off-peak consumption to save money? || Could we develop a way for our building to automatically shift large HVAC loads to off-peak times when more renewable energy is being accessed on the grid? || What hours are considered off-peak?,high
energy_waste,wasting energy|energy waste|inefficient energy|energy inefficiency|high energy use,brick:Electrical_Energy_Sensor,threshold,energy_consumption,"If the Chiller Status and Boiler Status are both ""On"" simultaneously, is the system wasting energy fighting itself? || energy waste? || What does AI do if there are unexpected spikes or patterns of energy waste?",high
energy_consumption,energy use|energy consumption|electricity use|power consumption|kWh|energy usage,brick:Electrical_Energy_Sensor|brick:Electrical_Power_Sensor,aggregate,,can the building automatically optimize energy use during weekends or holidays? || are there any opportunities to reduce energy consumption in this space? || are there systems that could be optimized to reduce energy use right now?,high
energy_cost,energy cost|electricity bill|energy spend|tariff|cost of electricity|electricity cost,brick:Electrical_Energy_Sensor,aggregate,energy_consumption,"Is there a way to understand when one area of the building is heated up, how it effects other areas? That is, does a temperature change in one area allow for slight lowered adjustments in other areas to save on energy costs?",high
peak_demand,peak demand|peak energy|peak hours|peak load|demand charges,brick:Electrical_Energy_Sensor|brick:Electrical_Power_Sensor,threshold,energy_consumption,"Can the system predict a ""Peak Demand"" event based on the afternoon weather forecast and start pre-cooling the building? || If we shift heavy HVAC tasks to 4:00 AM, how much cheaper is that electricity compared to the Peak Demand at noon? || On cloudy days, what is the exact percentage drop in solar efficiency compared to the building's peak demand?",high
carbon_footprint,carbon|emissions|CO2 emissions|carbon footprint|greenhouse gas|eco-friendly|green,brick:Electrical_Energy_Sensor,aggregate,energy_consumption,can the building measure how greenery impact occupant satisfaction? || are there features that promote interaction with green or natural elements? || can the system evaluate the efficient of green roofs or eco  feautures?,medium
draft,drafty|draughty|cold draft|cold air blowing|draught|windy inside,brick:Supply_Air_Temperature_Sensor|brick:Supply_Air_Flow_Sensor|brick:Zone_Air_Temperature_Sensor,correlate,thermal_comfort,,medium
fire_safety,fire|smoke|fire alarm|evacuation|fire exit|emergency|fire hazard,brick:Smoke_Detector|brick:Fire_Alarm,threshold,,"which areas are safest in case of an emergency evacuation? || Does the Smoke/Fire Suppression status log exactly who was in the room (via Access Logs) when an alert triggered? || Will a ""Door Sensor"" alert security if a fire exit is propped open?",high
emergency_exit,emergency exit|evacuation route|fire exit|safe exit|exit,brick:Smoke_Detector,threshold,fire_safety,"are entry and exit patterns normal for this time of day? || Will a ""Door Sensor"" alert security if a fire exit is propped open? || What is the correlation between ""morning exit traffic"" and the ramp-up time required for the basement exhaust fans?",medium
water_usage,water use|water consumption|water usage|water waste|water efficiency,brick:Water_Flow_Sensor|brick:Water_Level_Sensor,aggregate,,can water usage patterns help identify inefficiencies in specific areas? || are there sudden spikes in water usage that need attention? || how does the building prioritize maintenance for energy or water efficiency?,medium
water_leak,water leak|leak|flooding|dripping|water running|pipe leak,brick:Water_Flow_Sensor|brick:Leak_Detector,threshold,water_usage,"Does the VOC sensor differentiate between ""cooking odors"" and dangerous gas leaks in the kitchen? || Can the Water Meter detect if a coffee machine or dishwasher has been left running or is leaking? || Are the moisture sensors placed specifically at the ""low points"" of the raised flooring to catch early condensation or pipe leaks?",medium
water_quality,water quality|drinking water|potable water|water safety,brick:Water_Quality_Sensor,threshold,,are there systems to ensure safe drinking water quality at all times? || Where is the nearest washroom or drinking water? || What is the purity of the drinking water?,medium
overall_comfort,comfortable|is it comfortable|comfort level|working conditions|pleasant environment,brick:Temperature_Sensor|brick:Humidity_Sensor|brick:CO2_Level_Sensor|brick:Illuminance_Sensor,range,,can i compare comfort levels between different workspaces? || is this environment comfortable for extended meeting or sessions? || can you tell me which areas feel the most comfortable right now overall?,high
equipment_working,working|functioning|operational|is it broken|not working|equipment fault,brick:Fault_Sensor,threshold,,are there any areas where temperature control is not working properly? || are there any lights that are flickering or not working properly? || are there any devices currently malfunctioning in this room?,medium
lift_status,lift|elevator|is the lift working|lift broken|elevator out of service,brick:Fault_Sensor,threshold,equipment_working,"What is the specific Standby Load of the elevator system when no one has entered the lobby for over 30 minutes? || Can the lifts ""learn"" that the cafeteria floor is the priority destination at exactly 12:05 PM? || How many liters of water are saved annually by the building promoting stair usage over lift usage for travel between just two floors?",high
hvac_performance,HVAC|heating system|cooling system|air conditioning|AC working|heating working,brick:HVAC_Zone|brick:AHU|brick:Zone_Air_Temperature_Sensor,threshold,equipment_working,"how is energy distributed across different systems like HVAC, lighting, and equipment? || are cooling systems evenly distributing air across all zones? || If we shift heavy HVAC tasks to 4:00 AM, how much cheaper is that electricity compared to the Peak Demand at noon?",high
space_availability,available room|find a desk|available space|free room|room available|desk available,brick:Occupancy_Sensor,threshold,busyness,free rooms? || can i get a real time map of available spaces across the building? || Desk available?,high
underutilized_space,under-utilized|empty room|unused space|underused|wasted space,brick:Occupancy_Sensor,threshold,busyness,is there any energy being wasted due to unused spaces? || are there any lights left on in empty rooms? || why are the lights still on in an empty room?,medium
outdoor_temperature,outside temperature|outdoor temperature|outside weather|external temperature,brick:Outside_Air_Temperature_Sensor,aggregate,,are there controls to reduce cooling when outdoor temperatures are lower? || Can the building anticipate temperture chages based on outside temperature? || Does AI constantly monitor outside weather to change inside temperatures?,high
inside_vs_outside,warmer inside|compare inside outside|temperature difference|inside vs outside,brick:Temperature_Sensor|brick:Outside_Air_Temperature_Sensor,correlate,,are there noticeable temperature differences between floors? || is there a way to check temperature differences between rooms? || what is the temperature difference between indoor and outdoor areas?,medium
focus_environment,suitable for study|good for focus|work environment|study environment|productive space,brick:Noise_Level_Sensor|brick:Illuminance_Sensor|brick:CO2_Level_Sensor,range,overall_comfort,Is the current PM2.5 level low enough for a healthy work environment today?,medium
meeting_room_condition,meeting room ready|conference room condition|meeting room comfortable|AV working,brick:Temperature_Sensor|brick:CO2_Level_Sensor,range,overall_comfort,,medium
sensor_anomaly,unusual reading|abnormal value|sensor fault|unexpected spike|outlier,brick:Temperature_Sensor|brick:CO2_Level_Sensor,threshold,,What does AI do if there are unexpected spikes or patterns of energy waste? || Track energy trends over time to spot unexpected spikes or patterns that might indicate waste.,medium
unexpected_open_window,window left open|open window|door left open,brick:Window_Position_Sensor|brick:Door_Position_Sensor,threshold,,"If a Window Sensor detects an open window, does the HVAC Status automatically switch to ""Off"" in that zone? || Who receives notifications about open windows, the tenants or the Building staff? || was the window left open ?",medium
temperature_trend,temperature trend|getting warmer|warming up|cooling down|temperature history,brick:Temperature_Sensor,trend,temperature_reading,,high
energy_trend,energy trend|energy over time|energy increasing|energy pattern|energy history,brick:Electrical_Energy_Sensor,trend,energy_consumption,energy trends? || are there alerts for unusual energy patterns or wastage? || Track energy trends over time to spot unexpected spikes or patterns that might indicate waste.,high
occupancy_trend,occupancy trend|busier over time|occupancy pattern|occupancy history|when peak occupancy,brick:Occupancy_Sensor,trend,busyness,are there smart schedules for heating and cooling based on occupancy patterns? || can you provide a summary of building occupancy trends today? || How do occupancy patterns influence the heating systems?,high
ashrae_compliance,ASHRAE|ASHRAE 55|thermal standard|comfort standard|ASHRAE compliance,brick:Temperature_Sensor|brick:Humidity_Sensor,range,thermal_comfort,is the open plan office meeting ergonomic comfort standards? || can i check if this room meets comfort standards for occupants?,medium
co2_compliance,WHO limit|CO2 standard|air quality standard|CO2 regulation|ventilation standard,brick:CO2_Level_Sensor,threshold,co2_level,,medium
room_booking,booked|booking|reserved|is room booked|room schedule|room calendar,,aggregate,,"are there any conference rooms that can be reserved for an hour? || How does the Occupancy sensor handle a ""Ghost Meeting"" (where a room is booked but the door sensor never opened)? || If the motion sensors detect zero movement but the AV equipment is still drawing power, can the room automatically shut down the screens and alert the booking system?",high
after_hours,after hours|outside working hours|overnight|weekend|outside business hours,brick:Occupancy_Sensor|brick:Electrical_Energy_Sensor,aggregate,,can the building automatically optimize energy use during weekends or holidays? || How much Standby Load do the vending machines draw when the building is closed on weekends? || How does the building’s Relative Humidity sensor help prevent mold growth when the Temperature fluctuates overnight?,medium
window_guidance,should windows be opened|open windows|natural ventilation recommendation,brick:Outside_Air_Temperature_Sensor|brick:CO2_Level_Sensor,correlate,,"Who receives notifications about open windows, the tenants or the Building staff? || does it open windows 0r is this soley based on fan/vent systems || What if people in the building felt that using the building's open windows, rather than the AC, on cooler days was sufficent. Is there a way to notify the smart systems that this is going on?",medium
setpoint_recommendation,setpoint|target temperature|recommended temperature|adjust temperature,brick:Temperature_Setpoint|brick:Temperature_Sensor,range,,"Can we set different Thermostat Setpoints for the gym versus the quiet library zone to match human metabolic rates? || Should the building's target temperature shift slightly based on what people are wearing (e.g., higher in summer, lower in winter) to save energy? || How does the Thermostat Setpoint change based on whether the Occupancy sensor detects people?",medium
energy_saving_tip,save energy|reduce energy|energy saving|lower energy use|efficiency improvement,brick:Electrical_Energy_Sensor,aggregate,energy_consumption,"are there any opportunities to reduce energy consumption in this space? || are there systems that could be optimized to reduce energy use right now? || If the Lux level is high near the windows, can the desks in the center of the room stay dimmer to save energy?",medium
wayfinding,how do I get to|directions to|find room|where is|route to|navigate to,,aggregate,,"Where is the 'ghost' energy being pulled from right now || Where is the quietest ""deep work"" zone based on current acoustic sensors? || can the system suggest a route to minimize exposure to high traffic areas?",high
congestion_hotspot,congestion|bottleneck|crowded corridor|busy area|flow problem,brick:Occupancy_Sensor|brick:Motion_Sensor,aggregate,busyness,is the parking area experiencing congestion at this moment? || How do you manage crowd flow in busy areas? || can you suggest the best route to avoid congestion,medium
solar_output,solar|solar panels|solar energy|PV output|photovoltaic|renewable energy,brick:Electrical_Power_Sensor,aggregate,energy_consumption,"On cloudy days, what is the exact percentage drop in solar efficiency compared to the building's peak demand? || are the solar panels producing optimal energy today? || solar active?",medium
green_certification,BREEAM|LEED|green building|sustainability rating|energy certificate,,aggregate,,How do you support green building standards? || how do you support green building standrds? || Is the building a green building?,low
future_temperature,will it warm up|temperature forecast|predict temperature|expected temperature|forecast temperature,brick:Temperature_Sensor,trend,temperature_reading,,high
future_energy,energy forecast|predict energy|expected energy use|future energy demand,brick:Electrical_Energy_Sensor,trend,energy_consumption,,medium
last_service,last serviced|maintenance history|when was it serviced|service record|last maintenance,,aggregate,,,medium
equipment_condition,equipment condition|equipment health|needs repair|equipment status,brick:Fault_Sensor,threshold,equipment_working,"oes the system use Equipment Health data to automatically generate a work order for a technician? || Can Vibration sensors on a rooftop fan detect a loose belt before the Equipment Health reaches a critical ""Fail"" state? || how do you monitor equipment health?",medium
data_privacy,what do you monitor|data collected|privacy|who sees my data|data about me,,aggregate,,How is my privacy and information used when cameras and sensors detect  or record me in the building? || How is my privacy protected when AI uses cameras to count people? || Can people inside the building opt out of video or audio security for privacy concerns?,medium
system_capability,can you|are you able to|what can you do|system capability|what do you measure,,aggregate,,can you guide me to a workspace with minimal noise and good lighting? || can you notify me if this room becomes too crowded? || can you suggest a workspace where i won't be interrupted often?,high
quiet_space,quiet|quiet spot|quiet place|quiet area|quiet room|quiet zone|somewhere quiet|quiet place to work|quiet spot to work|peaceful|low noise,brick:Noise_Level_Sensor|brick:Sound_Level_Sensor,threshold,acoustic_comfort,where can I find somewhere quiet to work? || which room is quietest right now?,high
outdoor_wind,wind|windy|is it windy|windy outside|strong wind|wind strong|how windy|how strong is the wind|wind speed|gusty,brick:Wind_Speed_Sensor,threshold,,is it windy outside? || how strong is the wind right now?,high
parking_availability,parking bays|parking spaces|free parking|car park spaces|parking availability|bays free|parking spots|spaces in the car park,ontosage:Parking_Occupancy_Sensor|brick:Occupancy_Count_Sensor,aggregate,,how many parking bays are free right now? || are there parking spaces available?,high
